Video ID,Playlist Video Creation Timestamp
QThz1B8SHmc,2025-12-14T13:00:12+00:00
IfpAjsytwy0,2025-12-14T12:59:36+00:00
OEUyTmgTc9Q,2025-12-14T12:48:36+00:00
JRum-UjzGG4,2025-12-14T12:09:37+00:00
FzekFGlUWl0,2025-12-13T11:00:49+00:00
mtcXvI3Z760,2025-12-13T02:38:48+00:00
iP2DSo-1hKk,2025-12-13T02:35:53+00:00
uSRKumTgKv0,2025-12-13T00:35:57+00:00
 -lcWJk7cCYg,2025-12-12T10:24:41+00:00
yIGMqn7webY,2025-12-12T10:21:17+00:00
_IYhLppT0Ik,2025-12-12T08:46:26+00:00
yY73tigdP4g,2025-12-12T08:45:33+00:00
f3yvruglOI0,2025-12-12T01:27:20+00:00
s4d5dz3fy_A,2025-12-12T01:27:08+00:00
J4bnxFJQPuI,2025-12-12T00:06:55+00:00
vmH3seddlPE,2025-12-11T18:06:34+00:00
KeRgt6P5vNA,2025-12-11T18:04:19+00:00
iPpQuqi8aAo,2025-12-11T18:04:10+00:00
KsGlxNInsXA,2025-12-11T00:52:27+00:00
WEHgdvIjAMQ,2025-12-10T19:13:13+00:00
Oc9YvzrsOas,2025-12-10T10:52:41+00:00
PsQ0v-RNa1w,2025-12-10T10:52:24+00:00
ufGP1t4jYBI,2025-12-10T10:50:02+00:00
qJCJXx-U7aU,2025-12-10T10:49:33+00:00
iKLYNpBdMqc,2025-12-10T10:36:25+00:00
HwwqlLJAZhM,2025-12-10T10:36:05+00:00
Ed4aZO3tyVw,2025-12-10T10:35:45+00:00
MOYj6UJV-Ss,2025-12-10T10:34:34+00:00
QxrkieEd2xk,2025-12-10T10:34:23+00:00
zcTznPudfh8,2025-12-10T10:17:47+00:00
d4SBmiBdIlY,2025-12-10T10:14:08+00:00
K6OLrET2XeM,2025-12-10T02:51:39+00:00
5JxN3ELqo9I,2025-12-10T02:51:13+00:00
ru71ZOXRhTE,2025-12-10T02:51:00+00:00
ZOs5DScn9Q4,2025-12-10T02:50:52+00:00
muW4NcfUIMA,2025-12-10T02:50:35+00:00
SCjgYkKTNuk,2025-12-10T02:49:07+00:00
S2wecrmOMbI,2025-12-09T20:26:16+00:00
m3eQAcQOP5o,2025-12-09T17:50:51+00:00
k7zGPy0zHww,2025-12-07T15:53:28+00:00
CVr6UVtoGGA,2025-12-07T04:06:15+00:00
hwP563DlriE,2025-12-07T04:05:58+00:00
6kfUnjOviZE,2025-12-07T03:20:49+00:00
NV3mxb3EGng,2025-12-07T03:20:25+00:00
3eeE048EKto,2025-12-07T00:56:49+00:00
43cuU0lP6To,2025-12-07T00:55:22+00:00
nx0xhAqW9fY,2025-12-05T23:02:19+00:00
Gw2HTCcVeVo,2025-12-05T10:34:43+00:00
SwOTqL0Q6Lg,2025-12-05T10:17:21+00:00
HtzYP0unx94,2025-12-05T00:59:48+00:00
17M_jUr4PvM,2025-12-05T00:58:23+00:00
cwxx2c2jScE,2025-12-05T00:31:22+00:00
m6jVCuIucfQ,2025-12-01T21:09:46+00:00
4UUvIdqv6Tk,2025-12-01T21:08:37+00:00
HBluLfX2F_k,2025-12-01T21:02:24+00:00
0tLQ-YB6r84,2025-12-01T16:39:10+00:00
 -rUminiQjtM,2025-12-01T16:38:59+00:00
s6lqWYXvEds,2025-12-01T16:38:38+00:00
5gOWnldoNtY,2025-12-01T16:18:08+00:00
ake40sLGsO0,2025-12-01T16:17:39+00:00
QI_aGzPUOK8,2025-12-01T03:35:10+00:00
7VHcAYOoWNQ,2025-12-01T03:33:58+00:00
YgzdqPJ2ixs,2025-12-01T03:33:18+00:00
yn-uID86uyA,2025-11-30T12:17:16+00:00
AUkBw5eHtN4,2025-11-30T11:17:37+00:00
4ELYcBtuOIg,2025-11-29T14:46:59+00:00
BaEXBHWBX2A,2025-11-29T14:45:38+00:00
FFIwuEJC3mg,2025-11-28T22:54:49+00:00
MqD2Xgd5fi8,2025-11-28T22:53:58+00:00
Jowm-xdn1rw,2025-11-28T22:50:59+00:00
LWqxpD0tFMw,2025-11-28T22:50:31+00:00
_4Rynt1azPM,2025-11-28T14:16:10+00:00
8_pRD3OGjZc,2025-11-27T03:48:49+00:00
zkHFXZvRNns,2025-11-27T03:45:01+00:00
n2FwQflup4Q,2025-11-26T20:55:52+00:00
LVXjKkEyBoI,2025-11-26T16:03:22+00:00
3Mrjc_VGq8E,2025-11-26T01:31:29+00:00
 -nFhaRHjV0I,2025-11-26T01:31:12+00:00
ioDY8PJdPtc,2025-11-26T01:30:57+00:00
WJhCa12UTsg,2025-11-26T01:30:13+00:00
LihDIFKUaTs,2025-11-26T01:29:58+00:00
SBZMSMMPscQ,2025-11-24T19:56:18+00:00
NJ49iYGCN1M,2025-11-24T14:48:35+00:00
MBRqu0YOH14,2025-11-24T14:47:06+00:00
AEYo7ll6094,2025-11-23T20:27:27+00:00
PxDzmnLov10,2025-11-23T20:22:51+00:00
QKmms_qLBtA,2025-11-23T17:32:12+00:00
AhaOsYfAfb0,2025-11-22T12:26:11+00:00
Z4zQPXVP0e0,2025-11-20T21:53:01+00:00
 -VJX2W3O9Ek,2025-11-20T11:11:56+00:00
QbIuWZjEuug,2025-11-19T15:26:55+00:00
sOsqXKr4l30,2025-11-18T19:04:17+00:00
3qtHvIIJQ2I,2025-11-18T10:14:26+00:00
K4aI2pJ5aWo,2025-11-18T10:13:06+00:00
ccMJAaJxryQ,2025-11-18T10:12:53+00:00
D3XAKyL2gkE,2025-11-18T00:28:01+00:00
PCdUmbF0VRU,2025-11-17T16:46:45+00:00
QABmhDifmv0,2025-11-17T11:16:57+00:00
K7FVinfllWs,2025-11-17T01:35:38+00:00
Uy_ZbjxRtLw,2025-11-16T23:27:25+00:00
kf7TwJxgwSI,2025-11-16T21:16:47+00:00
3GFmuBtZMfM,2025-11-16T19:18:11+00:00
EhWraMUmzLI,2025-11-15T21:24:50+00:00
IL0NKa0EDZk,2025-11-14T23:41:38+00:00
nTjk6xctJ6U,2025-11-14T23:15:11+00:00
OWm3VNB7y5w,2025-11-14T11:22:38+00:00
ldmIQxYrpeg,2025-11-13T20:30:18+00:00
7s-02SQIrcI,2025-11-13T20:25:37+00:00
1Ob-hAYCnJE,2025-11-13T16:35:22+00:00
01M2AptHaiE,2025-11-13T16:34:17+00:00
QIHMZ_hdZEs,2025-11-13T16:33:50+00:00
ZilUizr9Vs4,2025-11-13T10:13:56+00:00
UQdtUaeZWLo,2025-11-12T23:16:36+00:00
W17AFB6ftfE,2025-11-11T22:35:38+00:00
DAX2_mPr9W8,2025-11-05T17:49:58+00:00
an2NSwMs1-s,2025-11-01T11:32:09+00:00
KW80Yjib7RA,2025-11-01T03:04:23+00:00
I7pKRfEbfJI,2025-10-30T14:39:16+00:00
LkJvxBdA4io,2025-10-30T14:39:01+00:00
j31dmodZ-5c,2025-10-30T14:38:34+00:00
cvIdPMmuptU,2025-10-24T11:29:52+00:00
GOdGjMlMH6c,2025-10-24T11:15:00+00:00
wvAigfInRyE,2025-10-24T11:14:22+00:00
umeZqmTh0c8,2025-10-24T11:10:28+00:00
8UcSbFfq2XE,2025-10-24T01:47:49+00:00
8Htsjz3uqnk,2025-10-24T01:40:42+00:00
jtgV7QhPrIA,2025-10-24T01:40:33+00:00
xNq_iy4XYGk,2025-10-24T01:40:03+00:00
T0qhJdHLJTc,2025-10-24T01:38:05+00:00
es7XtrloDIQ,2025-10-24T01:37:27+00:00
nF4GQ5ym6ug,2025-10-24T01:34:33+00:00
1nnndhSc4iw,2025-10-23T11:11:55+00:00
pGSxI_2RnTY,2025-10-23T10:58:10+00:00
LGx_cmEH8Lw,2025-10-23T10:57:34+00:00
0SGtkmhBCGk,2025-10-23T03:57:05+00:00
HqL0xhwDz9s,2025-10-22T11:39:47+00:00
lAc2n1euoQc,2025-10-21T10:37:57+00:00
f-HbKEaFtUA,2025-10-21T10:36:20+00:00
tBCRYZrfYXk,2025-10-21T10:33:42+00:00
zPu3cP-dY4U,2025-10-21T10:32:31+00:00
SvcKvMIbpss,2025-10-21T10:31:39+00:00
1yg7r2L1I08,2025-10-21T10:24:51+00:00
SzBYgt_ocH0,2025-10-20T12:47:09+00:00
yc7-MZ20TtQ,2025-10-19T09:41:32+00:00
z_PlyQAWT4g,2025-10-18T19:57:38+00:00
UKTlEEaV0W0,2025-10-18T15:23:13+00:00
MD1C08_hPDo,2025-10-16T00:53:48+00:00
ve-nONDjN1Y,2025-10-15T19:45:07+00:00
OMxECUy2IZ8,2025-10-15T19:35:59+00:00
J7yv_pKz5q0,2025-10-15T10:35:27+00:00
VVK_QoUd4jg,2025-10-15T10:33:43+00:00
oHpKLP7M5qo,2025-10-15T10:33:10+00:00
egYCUyJiRMM,2025-10-15T10:30:38+00:00
IE3lb-wAGNw,2025-10-14T21:43:36+00:00
AYFhB0Y-KcI,2025-10-14T21:42:22+00:00
Y04WI46xvsc,2025-10-14T21:42:09+00:00
2emhVpn539E,2025-10-14T21:41:38+00:00
P1u5Pq6YFCw,2025-10-14T21:41:11+00:00
rlEsoMy-l4w,2025-10-14T21:40:48+00:00
 -PB2TCoBT1s,2025-10-13T23:46:58+00:00
3LopI4YeC4I,2025-10-13T19:58:00+00:00
jPPzvuDIr1w,2025-10-12T11:55:19+00:00
ZCZOF3cxpr0,2025-10-12T03:22:56+00:00
 -nPon8Ad_Ug,2025-10-12T03:22:39+00:00
IP-rGJKSZ3s,2025-10-12T03:17:34+00:00
cTLp2x6LaeE,2025-10-12T03:10:05+00:00
uPtGGBXiivE,2025-10-12T03:07:15+00:00
R3BrCBSGHW0,2025-10-12T03:06:01+00:00
UAT-eOzeY4M,2025-10-12T02:51:37+00:00
xqmj-9XlDzY,2025-10-11T12:23:55+00:00
yYPnos84NDY,2025-10-09T23:58:15+00:00
FFBP1WIgvuo,2025-10-09T23:54:48+00:00
zUdrOuBcaEw,2025-10-09T23:54:38+00:00
JuPRzo_BQ6U,2025-10-09T10:17:50+00:00
f0lWoYz8ETE,2025-10-07T10:26:28+00:00
iN1qbdRxy9E,2025-10-05T00:07:40+00:00
TBGF33plj8Q,2025-10-05T00:07:18+00:00
DiPksXn5H-I,2025-10-05T00:07:07+00:00
kfPNxNIDHrA,2025-10-04T09:41:05+00:00
Q1_akD-68Hw,2025-10-03T21:53:43+00:00
Ad3HP6iRyUE,2025-10-03T02:07:01+00:00
OtkRlRsAT3o,2025-10-02T12:19:07+00:00
7r1L7LDHqEs,2025-10-01T10:36:17+00:00
4cooSbi1Lfg,2025-09-30T23:13:34+00:00
Z3P99pNzp5I,2025-09-30T22:35:28+00:00
rXVzkE8dBIU,2025-09-30T22:12:45+00:00
PappTivXBHM,2025-09-30T22:11:52+00:00
7rKnjDaiP0Q,2025-09-30T16:36:27+00:00
VMm-U2pHrXE,2025-09-30T16:36:13+00:00
wOtBTScwMhE,2025-09-30T16:31:35+00:00
XU0Nya1so-A,2025-09-30T13:16:10+00:00
E7sWXfMB4Lk,2025-09-30T12:51:10+00:00
Zg40X3lNZUU,2025-09-30T00:43:24+00:00
lXdhCgfU1p4,2025-09-30T00:43:12+00:00
5Y9-K48Q_YA,2025-09-30T00:29:25+00:00
mT3j1VyoEMM,2025-09-30T00:20:15+00:00
oqSKB8iSY4Q,2025-09-29T22:27:44+00:00
ikbcrpowlIs,2025-09-29T22:26:39+00:00
viB7aMWWD_4,2025-09-29T22:23:44+00:00
wRCdMv0luVs,2025-09-29T17:45:29+00:00
YsltYUdQLtw,2025-09-29T17:19:55+00:00
jr6P2ZB5lmM,2025-09-29T17:10:10+00:00
DSVweXCMJSc,2025-09-29T17:02:15+00:00
iLHHvWVdu_g,2025-09-28T03:02:04+00:00
tlqxD4rdj28,2025-09-28T03:01:28+00:00
SEfBWiNih08,2025-09-28T02:58:03+00:00
Sfn_CtKeVD4,2025-09-28T02:57:41+00:00
ghgW1PLXrc8,2025-09-28T02:57:20+00:00
zU6lbJnQH9Q,2025-09-27T11:27:18+00:00
ADyA-KpiP7Y,2025-09-27T01:35:35+00:00
i9HXGAOtn2A,2025-09-26T00:24:43+00:00
cHPDhFKbYak,2025-09-26T00:22:39+00:00
EixIyh1gshM,2025-09-25T11:29:19+00:00
7ZCTazqNYMo,2025-09-25T11:28:57+00:00
m74zazYPwkY,2025-09-25T10:08:50+00:00
dKm7T13X7n4,2025-09-25T10:08:11+00:00
6lJ7vgOS0Ho,2025-09-25T09:52:17+00:00
2t1vB8TeUUc,2025-09-25T09:43:15+00:00
W8qscelfEBc,2025-09-25T09:05:19+00:00
VOXrpW-rotE,2025-09-22T03:02:41+00:00
kUurHa9i7oQ,2025-09-22T02:57:40+00:00
17z8kyKZdHg,2025-09-22T01:39:07+00:00
ABGHZV4JajQ,2025-09-21T23:00:20+00:00
x5uCi4EOjVI,2025-09-21T21:45:58+00:00
7hSZFO5QUmE,2025-09-21T21:33:11+00:00
FyZa43WIEW4,2025-09-21T21:32:12+00:00
1IJyRUAkwHw,2025-09-21T21:31:54+00:00
8fd24B3FoE0,2025-09-21T21:31:29+00:00
hABM20X0iZg,2025-09-21T21:30:42+00:00
ebkSxOSaQ4o,2025-09-21T21:29:32+00:00
_SNiAdmA51Q,2025-09-21T20:04:38+00:00
_1b1RivPVKw,2025-09-21T19:57:07+00:00
PipVo5rLn7k,2025-09-21T18:17:29+00:00
KrOBzFwVzwA,2025-09-21T18:17:11+00:00
qchPGh9XP9s,2025-09-21T13:22:30+00:00
OgU_5EGcwT4,2025-09-21T13:22:14+00:00
uYXF6fzvMd0,2025-09-21T13:20:07+00:00
VFTsRPXqI4g,2025-09-21T13:19:25+00:00
ff88SpBpkD0,2025-09-21T13:18:01+00:00
9_QsCLYs2mY,2025-09-21T13:16:17+00:00
Bf1NNW5dLH4,2025-09-21T13:14:43+00:00
BZyybOc-M8w,2025-09-21T13:14:06+00:00
RvUW2-oUOGo,2025-09-21T13:12:35+00:00
ceurG0NAlm4,2025-09-21T13:12:20+00:00
BMcaRkm0-2g,2025-09-21T13:12:13+00:00
8lfQGSV47Y8,2025-09-21T13:12:07+00:00
HD2OHQBESn4,2025-09-21T13:11:53+00:00
vhZ6QAYlA_g,2025-09-21T13:11:45+00:00
tdkvyCeU8Qw,2025-09-21T13:11:38+00:00
lyLEBnUTqJI,2025-09-21T13:11:21+00:00
0Vjh5d5rez0,2025-09-21T13:10:37+00:00
omy-YuVhM_k,2025-09-21T13:10:11+00:00
m4RVTK7iU1c,2025-09-21T13:08:59+00:00
kceufAyFHGg,2025-09-21T12:59:21+00:00
aQun3SMkA88,2025-09-21T12:58:23+00:00
AsINnv0xH48,2025-09-21T12:56:54+00:00
NNrg_qpW48g,2025-09-21T12:55:29+00:00
jMf8ee-Ssx4,2025-09-21T12:52:57+00:00
7gtc1DW2Tgo,2025-09-20T13:33:10+00:00
MSr04jhuTes,2025-09-20T13:32:05+00:00
b3zNQRYbxmw,2025-09-20T01:57:57+00:00
sil57cy31os,2025-09-18T01:13:08+00:00
vaPnpkvBuiI,2025-09-16T08:31:27+00:00
hDEBjfBPS7o,2025-09-15T02:46:50+00:00
utJsrF5P7fA,2025-09-15T02:45:52+00:00
aE2AiY3v9FI,2025-09-14T16:37:21+00:00
e2_YNNtdke8,2025-09-14T16:37:03+00:00
8bu1GAGO3N8,2025-09-14T14:28:54+00:00
8CNe7gWAM9I,2025-09-13T12:19:08+00:00
6J-E5uXabQI,2025-09-13T12:15:24+00:00
DllxGzZutYY,2025-09-10T12:06:18+00:00
NkNfwkHwBws,2025-09-10T11:45:04+00:00
r1bMJekCiBw,2025-09-09T18:49:19+00:00
XwuaIzdR46I,2025-09-08T14:32:08+00:00
DW3Z0t4_3Zo,2025-09-08T01:59:46+00:00
E9H2FIvWrbM,2025-09-08T01:59:28+00:00
ca0HCFGZNvA,2025-09-06T19:10:09+00:00
hl6Ryc_NUm8,2025-09-05T18:39:25+00:00
Soa3wcYgfAM,2025-09-05T18:30:23+00:00
nf3XcGZ0PNs,2025-09-05T18:27:20+00:00
DUaxt8OlT3o,2025-09-03T14:31:25+00:00
9Gf3yK7a3PI,2025-09-03T14:27:26+00:00
j_xu5bN6H28,2025-09-03T14:26:45+00:00
3gc2myzqVzg,2025-09-03T02:40:41+00:00
tiXx2BoaTlM,2025-09-03T02:40:07+00:00
ep4YoR3XIPI,2025-09-03T02:35:28+00:00
KfZBvl7lBYA,2025-09-02T11:46:15+00:00
e_qJR6nP4RM,2025-09-02T11:45:19+00:00
LLUldqkvS6g,2025-09-02T08:17:47+00:00
ygAR3E0xoJQ,2025-09-02T05:02:28+00:00
n_uEMWAW1a8,2025-09-02T05:00:10+00:00
CxVXvFOPIyQ,2025-09-01T13:51:51+00:00
Z_0jVnBxHbY,2025-08-29T11:07:58+00:00
9Ej9JUnFCO0,2025-08-29T11:04:13+00:00
5EmizdGvCKM,2025-08-29T11:02:58+00:00
8EaGnn-R-Ak,2025-08-29T10:53:24+00:00
rId_evaRziw,2025-08-28T23:12:03+00:00
d1WgKIk03yM,2025-08-28T17:21:41+00:00
3gk93625r-o,2025-08-28T15:09:00+00:00
iqaEG2QctR8,2025-08-28T14:53:18+00:00
2feo_JbkD8M,2025-08-28T14:52:55+00:00
ZkU9yCbq_T0,2025-08-28T08:27:04+00:00
xsJfxRM4EJs,2025-08-28T02:58:10+00:00
WThDBH0Mgmo,2025-08-28T02:57:41+00:00
IXrLzk8yEh4,2025-08-28T02:56:56+00:00
ziXy5aWBXL4,2025-08-28T02:31:00+00:00
io8OByOpQQs,2025-08-27T23:13:13+00:00
CuXxGiLBe2k,2025-08-27T23:13:00+00:00
sRz3k9IdsOc,2025-08-27T15:41:10+00:00
ter_A0Bl7U8,2025-08-27T13:08:58+00:00
2MgU77dQ5wo,2025-08-26T22:07:03+00:00
YpCFVh5FLks,2025-08-26T22:06:38+00:00
bfGJV2LYVdk,2025-08-26T22:00:41+00:00
orQKfIXMiA8,2025-08-26T21:58:47+00:00
NqgT8ir4Z90,2025-08-26T00:58:20+00:00
ex1YT5C5Fvw,2025-08-25T03:43:51+00:00
jsKWTmcpl54,2025-08-25T03:33:43+00:00
u1rBchZO0Aw,2025-08-24T13:36:42+00:00
toyB5Q-zfyw,2025-08-24T03:28:26+00:00
omRuji_S9lU,2025-08-24T02:16:28+00:00
X3co_kcCtxs,2025-08-24T00:32:43+00:00
8YwBJlsiLc0,2025-08-22T15:00:54+00:00
HuL8plR0RLA,2025-08-22T11:45:54+00:00
eIrnRa8tH1Q,2025-08-22T07:29:47+00:00
exrYdzzc1Co,2025-08-22T06:51:47+00:00
JhfRf6RBo-I,2025-08-21T15:42:34+00:00
wxlTyvftESQ,2025-08-21T15:42:25+00:00
asBOtAtdmWM,2025-08-21T15:42:08+00:00
naYqVFK18B4,2025-08-21T15:38:35+00:00
EeHGxdebbmE,2025-08-21T15:28:54+00:00
 -CKH6j_N3nM,2025-08-17T22:24:16+00:00
RMTpBRp1ltc,2025-08-17T15:09:01+00:00
MK9lYf5ycEU,2025-08-17T12:09:09+00:00
8bKqXXPHmeM,2025-08-17T12:08:01+00:00
L4ucctDrAEE,2025-08-17T11:26:11+00:00
EeBfni_MKcE,2025-08-17T11:23:35+00:00
BHnHF3xdVyc,2025-08-16T14:54:50+00:00
7LDJyi0jMag,2025-08-16T14:53:16+00:00
_3tTw3oM9yA,2025-08-16T14:52:48+00:00
Thz4o_eoVhU,2025-08-16T14:52:07+00:00
nlRLKiOTEZE,2025-08-16T14:50:32+00:00
1UhPYndEgX0,2025-08-16T01:35:09+00:00
s0p9DmrPiPc,2025-08-15T17:49:27+00:00
fd38uWRGftY,2025-08-15T17:47:47+00:00
3DFlKFGVdAA,2025-08-15T17:46:39+00:00
SnX_GHgiwu0,2025-08-15T17:44:36+00:00
1pTI3Ot-IEk,2025-08-15T17:43:50+00:00
dMmnBd9EuwA,2025-08-15T17:06:15+00:00
0SWVslcWwMs,2025-08-15T17:04:06+00:00
U6BJDHQMgmI,2025-08-14T23:26:38+00:00
HTlvypa4KaA,2025-08-14T21:41:20+00:00
zGY5sQN8OOo,2025-08-14T21:37:29+00:00
wpWm87SfASQ,2025-08-14T02:13:05+00:00
HbWGUUK8q_g,2025-08-13T23:49:51+00:00
FZX5wt2M5PM,2025-08-13T18:10:14+00:00
aOwmt39L2IQ,2025-08-13T17:02:42+00:00
T8PdMVWoiYQ,2025-08-13T15:07:50+00:00
lQ5fqpXngJk,2025-08-12T20:13:47+00:00
FLiVMTSfJtE,2025-08-12T20:13:31+00:00
9zm2HoR-ti0,2025-08-12T20:11:13+00:00
A-pqjLgFCqw,2025-08-12T14:01:59+00:00
UDYiWl6fadg,2025-08-12T14:01:30+00:00
7QhK_0leZ7k,2025-08-12T13:58:36+00:00
DHKwOfU0XBg,2025-08-12T13:58:22+00:00
olRu32ip5K8,2025-08-12T13:26:14+00:00
SdtBSAc2Cfw,2025-08-12T13:25:43+00:00
Uy7veHW06zQ,2025-08-12T13:10:07+00:00
7laMSClUdYk,2025-08-12T12:58:51+00:00
 -WLh0mDVo4s,2025-08-11T23:41:32+00:00
8lXfr9h3i-I,2025-08-11T23:40:57+00:00
GzFcKCjN7Tc,2025-08-11T23:34:38+00:00
ZcdSIb2wABU,2025-08-11T23:34:00+00:00
70u-_7edWCk,2025-08-11T03:38:40+00:00
YyTrblNaoLs,2025-08-11T03:27:32+00:00
47YbLU7-J1M,2025-08-11T03:26:17+00:00
7954EvM4JSA,2025-08-11T01:17:11+00:00
3fXXN6kizhc,2025-08-10T18:28:30+00:00
FTYd7bZfEwM,2025-08-09T12:59:13+00:00
xy6bn4tWcH4,2025-08-09T12:48:29+00:00
DGU0wXMKqf4,2025-08-09T12:35:06+00:00
d-7BBxhHyJI,2025-08-09T12:33:47+00:00
V0OZTpA1H3k,2025-08-08T04:07:12+00:00
aUBPWT-D5_U,2025-08-08T04:06:41+00:00
qGmwH6DyUjo,2025-08-08T04:06:01+00:00
PlKWg2JZoWs,2025-08-08T01:22:47+00:00
MWzdHlLUsZs,2025-08-07T14:50:50+00:00
81DmU1nx7gU,2025-08-07T12:55:14+00:00
YLOjoRUOWsA,2025-08-07T12:54:50+00:00
l7JHKa_Qocw,2025-08-07T12:54:30+00:00
wSXleyrB530,2025-08-07T11:47:54+00:00
4jggHX2yBfQ,2025-08-07T08:39:51+00:00
5xND1VBlWyU,2025-08-07T08:38:35+00:00
muOt4s6HdXE,2025-08-06T08:29:14+00:00
102z3JojQqA,2025-08-06T08:29:02+00:00
gulLSsoCeoo,2025-08-06T08:00:32+00:00
1ok_dyaUmHs,2025-08-05T01:31:35+00:00
KZeIEiBrT_w,2025-08-05T01:22:22+00:00
pBY4FHzSQoQ,2025-08-02T18:57:06+00:00
84LtRsstGl8,2025-08-02T18:51:40+00:00
iuU5JxNod-w,2025-08-02T18:45:45+00:00
OwuXF1AyKak,2025-08-02T18:44:51+00:00
cw27tlKcO7Q,2025-08-02T18:41:06+00:00
klKcQt_awWw,2025-08-02T18:39:14+00:00
bs5UbVyplVU,2025-08-02T18:33:52+00:00
8bWMPpS57Ok,2025-08-02T16:33:15+00:00
qPezjb9zQio,2025-08-02T02:35:29+00:00
0BogKYU8dw8,2025-08-01T03:48:05+00:00
oTN2k-hrHaQ,2025-08-01T00:48:13+00:00
73O81rxazoQ,2025-07-31T23:15:35+00:00
y6WoxVykrtY,2025-07-31T19:44:10+00:00
-01ySbwtlQ8,2025-07-31T19:43:57+00:00
HjJQ3qIGXjI,2025-07-31T19:43:40+00:00
5KaTr16MWkU,2025-07-31T19:27:06+00:00
9A-MM50LQwg,2025-07-31T19:24:06+00:00
7wpcGSsShmk,2025-07-31T19:16:59+00:00
E5eg1wlPHiI,2025-07-31T18:35:08+00:00
SMxycmr2QZI,2025-07-31T18:34:23+00:00
yliMp6mn7sU,2025-07-31T14:22:37+00:00
j4y9oPcMWyg,2025-07-31T03:11:41+00:00
hhsUiFhuXfo,2025-07-31T03:11:10+00:00
1byDH7dPrGA,2025-07-31T03:11:00+00:00
hJ-rRXWhElI,2025-07-31T01:58:28+00:00
0DylqLDyMtI,2025-07-31T01:55:44+00:00
lHp6sYSHfKU,2025-07-30T11:44:39+00:00
XDYilxy1dn8,2025-07-30T03:00:23+00:00
9FadSbZuHWM,2025-07-29T10:18:22+00:00
ODO3JT3w-og,2025-07-29T02:34:03+00:00
tAjlDaQxZCk,2025-07-29T02:05:22+00:00
vWWPh-klTp0,2025-07-28T22:56:09+00:00
PfC_fF8n844,2025-07-28T03:03:04+00:00
dIeKcLvocNg,2025-07-28T03:00:05+00:00
6FgCOrr5qbE,2025-07-28T02:59:47+00:00
u0ao6ALVJbo,2025-07-28T02:59:10+00:00
N5UIkMK64tw,2025-07-28T02:58:48+00:00
jjQ3r48FqbQ,2025-07-27T23:10:53+00:00
bw_r79UrJSY,2025-07-27T13:55:33+00:00
yNtJP6EHBik,2025-07-25T13:25:18+00:00
CxOXcXH9jsU,2025-07-25T13:23:13+00:00
Sosf8Z0T_M8,2025-07-25T13:20:39+00:00
SbKWawTrsb0,2025-07-25T13:20:04+00:00
Xx46eQ78nU4,2025-07-25T13:19:01+00:00
xm2CgOKSE-U,2025-07-25T13:16:40+00:00
6lqKRrOLQqo,2025-07-24T13:22:40+00:00
hAM_5fqCsuk,2025-07-24T13:07:07+00:00
Ek7hr4qHG48,2025-07-24T13:03:54+00:00
w2BFFokXw-o,2025-07-24T11:25:33+00:00
QugExW3-JUA,2025-07-24T10:53:04+00:00
dyWhXzL9WgU,2025-07-24T03:55:54+00:00
yOK3bF3jhXU,2025-07-24T03:54:50+00:00
FwV3GOdfoUg,2025-07-24T03:54:04+00:00
SVuahKGf3J4,2025-07-24T03:53:41+00:00
tyJYC-7V-3I,2025-07-24T03:50:43+00:00
KRH6nghUHtc,2025-07-23T17:24:59+00:00
8wYJyBBh4i4,2025-07-23T17:22:28+00:00
vgSJW7hBsYo,2025-07-22T17:32:38+00:00
q4kdnv-zHPQ,2025-07-22T01:24:37+00:00
WYUPoHobd6k,2025-07-20T17:18:01+00:00
PamSYGXC1Rs,2025-07-20T14:10:07+00:00
T-tpPTlptB4,2025-07-20T12:44:46+00:00
sKXUkQDEWww,2025-07-19T15:13:11+00:00
TmwZAzrXOxU,2025-07-19T15:10:42+00:00
fHM-5EGPADY,2025-07-19T15:10:07+00:00
Zlo3rb-uQm0,2025-07-19T14:02:01+00:00
q96_r_nGOHw,2025-07-19T14:01:50+00:00
B7D_UzVO4ZA,2025-07-19T13:14:05+00:00
krl6dJvJbyA,2025-07-17T14:37:25+00:00
HYfUrPmTKJc,2025-07-17T14:37:11+00:00
88cych_4Eb0,2025-07-16T13:41:31+00:00
Uq5e291QdZ0,2025-07-16T13:41:23+00:00
E0TDXYNB6IA,2025-07-15T03:56:18+00:00
9oOL9S_gmx8,2025-07-15T03:55:30+00:00
4iAEbavS8yc,2025-07-15T03:53:07+00:00
LzWuRTzPebo,2025-07-15T03:52:49+00:00
IZVwTd8XDbg,2025-07-14T22:34:09+00:00
jlMKqBNVfHk,2025-07-14T17:24:41+00:00
2iQ-AFy0hBA,2025-07-12T19:26:19+00:00
o4DKceFnDuU,2025-07-12T11:32:05+00:00
LyCCybs1_l8,2025-07-12T11:30:17+00:00
DE0EAL26Xgg,2025-07-12T11:30:02+00:00
WSi36zd4YJI,2025-07-12T11:28:28+00:00
KwR3nxojS0g,2025-07-10T02:10:46+00:00
HKWGhChsA3Y,2025-07-09T13:08:31+00:00
q9Golcxjpi8,2025-07-09T02:16:41+00:00
j4H9LL7A-nQ,2025-07-09T02:16:31+00:00
s2JUrSHfdrE,2025-07-07T04:24:31+00:00
PVTwPc_hdJw,2025-07-02T23:26:11+00:00
fkpuz7j_J-I,2025-07-02T23:25:16+00:00
kBv13_K6AII,2025-07-02T23:25:06+00:00
 -fxVgRQisoc,2025-07-02T23:23:24+00:00
bSDprg24pEA,2025-07-02T16:56:07+00:00
5I7slt4c1Yg,2025-07-01T04:47:01+00:00
UHAqhP8EeYQ,2025-07-01T04:45:55+00:00
v8eHjnrfykU,2025-07-01T02:32:39+00:00
pGgpGP3swmE,2025-06-29T22:35:12+00:00
lgWAtYkAQA0,2025-06-29T20:05:40+00:00
rJgxD7tzXKI,2025-06-28T18:28:58+00:00
QxErXWsOdqY,2025-06-28T18:27:43+00:00
p0Z4R9PU8k0,2025-06-28T02:44:39+00:00
B9tPDSV3S94,2025-06-27T20:51:16+00:00
 -DAfmFdLIjo,2025-06-27T20:51:02+00:00
9cijZcKFQv0,2025-06-27T13:53:19+00:00
jHLlHKHz644,2025-06-27T13:25:29+00:00
9PFMOm7-EL8,2025-06-27T13:18:44+00:00
GuunpX6hIVg,2025-06-27T04:18:34+00:00
Ecf2MkeBXHQ,2025-06-26T20:13:32+00:00
RvUEWliWaZ8,2025-06-26T20:09:44+00:00
7kyLdvZ4tJY,2025-06-26T18:33:13+00:00
TVsdT4OxONc,2025-06-25T04:20:06+00:00
fP4CzvSWdPQ,2025-06-25T04:19:06+00:00
IEsL5nqfEnE,2025-06-25T00:01:06+00:00
-1tkafeoRi0,2025-06-24T23:50:39+00:00
379e6PVFJmE,2025-06-24T23:45:11+00:00
H6Z6DiQrQuA,2025-06-24T23:44:45+00:00
le0GTYjlvl4,2025-06-24T23:44:32+00:00
BCcASJ-a2ac,2025-06-24T23:43:37+00:00
2fzXqSU858I,2025-06-24T23:41:50+00:00
vpyGyKct4Us,2025-06-24T23:41:13+00:00
K4iQKJUOAW0,2025-06-24T23:40:25+00:00
5XeJgtCUfjw,2025-06-24T23:37:46+00:00
8l672y525Dk,2025-06-24T23:36:55+00:00
zt_V0XEQi6E,2025-06-24T23:30:30+00:00
JBXLtHUKX5w,2025-06-24T18:59:21+00:00
_GaY21NF4-U,2025-06-24T02:50:11+00:00
HxK2DbTrKDk,2025-06-23T13:46:14+00:00
 -r2SH6EH5eY,2025-06-22T18:02:28+00:00
eDXGVplLvyg,2025-06-22T18:02:14+00:00
uOimlFc4Ngo,2025-06-22T18:01:12+00:00
P1t4QsF1yxc,2025-06-22T17:58:09+00:00
fOcglEXUNK4,2025-06-21T19:35:35+00:00
sHYAeABPVI8,2025-06-21T02:52:11+00:00
MLwMcwNLcvE,2025-06-20T03:56:27+00:00
kHxgxgNHQR4,2025-06-20T03:55:20+00:00
mi2vCsP1oKY,2025-06-19T23:26:20+00:00
ZTYCA73I5uQ,2025-06-19T23:22:34+00:00
DoKs_euPyIA,2025-06-19T23:22:19+00:00
1nENigGr-a0,2025-06-19T19:27:47+00:00
m51cw7P0v8Y,2025-06-19T13:47:01+00:00
jI9q1vYWQ0k,2025-06-19T13:20:20+00:00
DO6agHwHmFo,2025-06-19T13:18:22+00:00
vdXlkMW2nqc,2025-06-19T02:09:13+00:00
38u5yGNq9K8,2025-06-19T02:07:43+00:00
Nr_HCMaALk0,2025-06-18T22:54:24+00:00
4Zix6F_zS0Q,2025-06-18T22:54:05+00:00
4_kZSJWMRWA,2025-06-18T22:51:16+00:00
mAGVDDhujzc,2025-06-18T22:50:59+00:00
L0XWbCn6PSg,2025-06-18T22:50:22+00:00
OjiClLok87k,2025-06-17T13:05:07+00:00
Cq7eND5KSPk,2025-06-16T22:40:23+00:00
nd_3GVsZmMw,2025-06-16T20:18:58+00:00
kg7v-f9r6nc,2025-06-16T20:18:49+00:00
DWSrp00wNBw,2025-06-16T20:17:23+00:00
o7BUfhgZb68,2025-06-16T20:06:01+00:00
BLYDCmKQ1PU,2025-06-16T20:05:22+00:00
qND9hcZhlK4,2025-06-16T20:00:36+00:00
X_XNSeW9jok,2025-06-16T20:00:13+00:00
ZZJ74s6T2Ic,2025-06-16T19:23:43+00:00
1HUmF9z74WE,2025-06-16T19:15:21+00:00
d-x-Ni9aVyI,2025-06-16T19:12:13+00:00
i3q2vqOXnHE,2025-06-16T19:05:05+00:00
RYT08CaYq6A,2025-06-16T03:51:18+00:00
Ppqn7NCNzUE,2025-06-15T22:01:55+00:00
y45d6VVv1Y8,2025-06-14T16:36:28+00:00
8xk5pPtwQHs,2025-06-14T13:32:13+00:00
vT-u-SPj4_c,2025-06-14T13:18:35+00:00
N9BzS-bd1wg,2025-06-14T13:18:16+00:00
06kJXhOZhLU,2025-06-14T13:17:50+00:00
KMQBdriQfZM,2025-06-14T02:23:33+00:00
bCzMVZZ20Ig,2025-06-14T02:23:11+00:00
rGZ-2vxFSAc,2025-06-14T02:19:57+00:00
aH6sqbWZWGg,2025-06-14T02:19:14+00:00
Grref9HHYoQ,2025-06-13T22:59:55+00:00
_lE9a2hSw4A,2025-06-13T22:50:37+00:00
Ujth6vH3xr0,2025-06-13T15:44:41+00:00
WL788zt3AR0,2025-06-13T15:44:27+00:00
vcZNdjSp0ps,2025-06-13T15:44:16+00:00
y439lJdGhXs,2025-06-13T13:07:26+00:00
TCG3uQ3qFk4,2025-06-13T03:33:21+00:00
WRgjXm4243I,2025-06-13T03:32:54+00:00
cjUBu2qNFxU,2025-06-13T03:32:43+00:00
9roZbmsPt3E,2025-06-10T23:06:56+00:00
x8Wg36gzcqg,2025-06-10T19:24:05+00:00
Q5sF0MbfVn8,2025-06-10T19:12:27+00:00
Or8Z7mbfgfU,2025-06-10T19:11:45+00:00
ZyS_WRNgovc,2025-06-10T19:11:35+00:00
6LqNoGWjQ7k,2025-06-10T19:10:43+00:00
s2oql936g94,2025-06-10T19:10:30+00:00
5VTvYuE6zVs,2025-06-10T19:10:21+00:00
R3Ay7JUGGG0,2025-06-10T19:09:50+00:00
1E3tv_3D95g,2025-06-10T19:08:22+00:00
Ts-h6ciiwD4,2025-06-10T19:06:38+00:00
wjr4iFzlLjo,2025-06-10T18:56:33+00:00
WDHJE3V8Kgo,2025-06-10T18:56:13+00:00
rwuKwFWG28Y,2025-06-10T18:56:01+00:00
5mie7ehr9Lc,2025-06-10T18:55:49+00:00
2l-Y37h_N3Q,2025-06-09T04:25:46+00:00
opP0QRFjU84,2025-06-07T12:53:46+00:00
lxvIuoD-nOs,2025-06-04T21:40:11+00:00
b2xP4uMWPvI,2025-06-04T21:40:00+00:00
lzazno-8wrY,2025-06-04T16:16:34+00:00
WbBVoe9Lr94,2025-06-04T16:16:25+00:00
rSnprWNwD8k,2025-06-04T15:59:06+00:00
EIVQ5kgPjbQ,2025-06-04T13:44:17+00:00
UqjBM5U47ww,2025-06-04T13:00:15+00:00
xkgPwJru6-k,2025-06-03T16:08:39+00:00
2d3I2WFC21s,2025-06-03T16:07:40+00:00
I57R2Lr3mRE,2025-06-03T15:16:45+00:00
lITiB9ZjThw,2025-06-03T11:05:45+00:00
B0aWYJDlONE,2025-06-03T11:03:13+00:00
14unGb12Zww,2025-06-03T04:45:49+00:00
v5uI1kZmWq0,2025-06-02T22:55:34+00:00
n8uUF5oumvk,2025-06-02T22:05:58+00:00
onWkmiTI6YM,2025-06-02T22:05:40+00:00
tqcThEqoYmA,2025-06-02T11:25:03+00:00
UeuA4QO7L3k,2025-06-02T02:41:16+00:00
5CvA2PQscO4,2025-06-01T15:37:43+00:00
bhDQy_lypUQ,2025-06-01T12:37:20+00:00
Kf2y48gEfyI,2025-06-01T12:17:00+00:00
HhOrx2QRVek,2025-06-01T11:54:46+00:00
Q750p_PaYGk,2025-06-01T03:25:15+00:00
0VnHw53dUgo,2025-05-31T17:30:09+00:00
dAhPkM_v9gQ,2025-05-31T17:23:19+00:00
 -tSG9VTgQkw,2025-05-31T10:48:41+00:00
FeBWq7eASX0,2025-05-31T07:44:30+00:00
1N2T9ZSsLkU,2025-05-31T07:44:11+00:00
7MqLNIvjHNQ,2025-05-30T23:15:06+00:00
0PbjZ01ObLA,2025-05-30T23:13:17+00:00
i1083cCR2CI,2025-05-30T12:03:10+00:00
TfYIH5wUveE,2025-05-30T12:01:23+00:00
OFFeyIKS0Xg,2025-05-30T12:00:47+00:00
mezdzJX4iTA,2025-05-30T11:46:19+00:00
iYjAnTbYelg,2025-05-30T02:00:29+00:00
jfEBZKTfFtY,2025-05-30T02:00:11+00:00
gkDAFmajb1E,2025-05-30T01:59:58+00:00
Np5SO78-WgU,2025-05-30T01:57:19+00:00
rfmkPOz0VEA,2025-05-29T21:37:19+00:00
XBd0rbIpST8,2025-05-29T18:33:21+00:00
uoG_LidUrDQ,2025-05-29T18:32:55+00:00
uNu6g-GWEBw,2025-05-28T12:38:54+00:00
n0aKE7KqPLU,2025-05-28T04:11:20+00:00
uv7vlSenhwY,2025-05-28T02:15:27+00:00
pp6hiIM0stM,2025-05-27T23:21:44+00:00
aQNchugB3hc,2025-05-27T23:21:27+00:00
x0byqTuIKZI,2025-05-27T23:21:04+00:00
u6BUlOi4YFM,2025-05-27T23:19:24+00:00
um7UqQudAtU,2025-05-27T23:16:29+00:00
MSmXZ3AZgGM,2025-05-27T16:28:54+00:00
RfYExloRrMk,2025-05-27T16:25:54+00:00
xVJ9IMoN39U,2025-05-27T02:51:52+00:00
hGcJVFkL4YY,2025-05-27T01:13:31+00:00
1rXXRdB3TJI,2025-05-27T01:12:16+00:00
2qKQVqwc9yU,2025-05-26T17:40:28+00:00
q_6JcSu2UGE,2025-05-26T17:40:02+00:00
GVgqXEZCV_A,2025-05-26T01:25:56+00:00
wqf-dJyU_WA,2025-05-23T12:18:31+00:00
s0x0yWn0WY4,2025-05-23T12:17:34+00:00
Vu5jaYzHzdo,2025-05-23T03:34:46+00:00
s6tgD_xqFK0,2025-05-22T22:34:35+00:00
i0OGvaZfJkc,2025-05-22T04:23:47+00:00
sO_87KG2vRk,2025-05-22T04:20:42+00:00
njnFrTejWDQ,2025-05-22T04:19:11+00:00
WeaJyryRK24,2025-05-21T02:07:23+00:00
8YeVTWVyHAU,2025-05-21T02:07:11+00:00
ZJwiV_O3vZM,2025-05-21T02:00:42+00:00
sXKqCVyn2Dg,2025-05-21T01:58:27+00:00
8DM7uhv7foM,2025-05-19T21:46:01+00:00
c0tQxg4YAUw,2025-05-19T16:11:53+00:00
SB_PVvxatus,2025-05-19T15:55:10+00:00
8CzoolzbOlc,2025-05-19T15:54:45+00:00
HFBeHYKpfLE,2025-05-19T15:54:37+00:00
phfdhbxuigw,2025-05-19T14:01:11+00:00
We0ybdXRI4o,2025-05-19T14:00:59+00:00
h5sCj8ic1rM,2025-05-19T13:59:07+00:00
Ys9Y8C2r4CI,2025-05-19T13:58:37+00:00
vQzrRUGsP9k,2025-05-19T13:56:36+00:00
j9NZz6Re-88,2025-05-19T13:51:25+00:00
EDb37y_MhRw,2025-05-19T03:42:12+00:00
zN_aUsdQv9M,2025-05-19T03:41:39+00:00
vOBjtotp-Gw,2025-05-18T14:38:42+00:00
_RbuAFlj6IY,2025-05-18T00:52:16+00:00
gh5-ThUEqqU,2025-05-17T04:53:55+00:00
ydJNqND6N_Y,2025-05-17T04:50:49+00:00
bFIVYRfyb3E,2025-05-17T04:50:19+00:00
wUXKVUSaBkA,2025-05-17T04:49:57+00:00
xXS5-8sPhhw,2025-05-17T04:14:48+00:00
lO-1CdMas5U,2025-05-17T04:12:12+00:00
HO7oYuqqnjA,2025-05-16T18:11:09+00:00
q5-bz-rBrSg,2025-05-16T17:25:19+00:00
4LaLG0GKXMU,2025-05-16T17:24:41+00:00
SC2eSujzrUY,2025-05-16T13:07:49+00:00
7ZBXqGCQkek,2025-05-15T21:16:20+00:00
917z1LTPmxI,2025-05-15T21:16:03+00:00
Qmhmfh7ndgU,2025-05-15T12:58:07+00:00
sEJSnE7Byps,2025-05-15T02:54:19+00:00
l7rSja2yV5Q,2025-05-15T01:56:59+00:00
UHDyWcZflIo,2025-05-14T13:35:53+00:00
mUfz-RzelTM,2025-05-14T13:24:02+00:00
GNguloEa_Ks,2025-05-14T13:23:38+00:00
APKiTWZzUJM,2025-05-14T12:22:05+00:00
bMVHlP0sfI4,2025-05-14T03:12:13+00:00
np8zwY_2Nac,2025-05-14T03:09:27+00:00
CF9IDZoznQY,2025-05-14T03:09:12+00:00
Z_MHrIIIyx4,2025-05-14T03:08:59+00:00
5dRxhqtIbOg,2025-05-14T03:08:51+00:00
ZzO2GMc-G3M,2025-05-14T03:07:40+00:00
G5SaECLLyqE,2025-05-14T03:06:37+00:00
Lxq2T0r3Jy4,2025-05-10T10:20:00+00:00
up1e4EZMXg4,2025-05-09T22:09:45+00:00
YTnAZxqD5w4,2025-05-09T17:49:44+00:00
CQVzNRGEd4s,2025-05-09T05:14:47+00:00
2qRoMDl0tYw,2025-05-09T03:51:42+00:00
iwaXWY8ZXC8,2025-05-08T14:42:38+00:00
G9IMPcEBVbU,2025-05-08T12:33:10+00:00
ReP8B4s7agY,2025-05-08T12:30:34+00:00
R94Wym4KC0s,2025-05-08T12:30:11+00:00
OfO_L-yKL0E,2025-05-08T12:30:01+00:00
CMV9QLoxJZ8,2025-05-08T12:28:26+00:00
krnjdpzw7WE,2025-05-08T12:22:45+00:00
7nUY_rGpx-4,2025-05-08T12:22:06+00:00
zW5I8_VAw9c,2025-05-08T12:21:49+00:00
khqoshxSTmE,2025-05-07T01:47:17+00:00
aPQt40k87hU,2025-05-06T23:41:53+00:00
CpibFDDFmnw,2025-05-05T04:52:02+00:00
R1QEV9euGAg,2025-05-04T05:32:59+00:00
wNkvwLBVgr4,2025-05-04T05:16:57+00:00
_fsvANAT3yg,2025-05-04T05:16:01+00:00
_OpC4fH3mEk,2025-05-04T03:51:53+00:00
mNnXmVoX8EQ,2025-05-03T22:12:20+00:00
kHNfcpqebW8,2025-05-03T22:12:00+00:00
PFKGHL1MqkU,2025-05-03T22:11:38+00:00
8h_XUOzPSyQ,2025-05-03T22:11:09+00:00
Cjhb8lV_kuA,2025-05-03T22:10:19+00:00
5m-C5mwpmxU,2025-05-03T22:09:50+00:00
EXwfmxjvLcc,2025-05-03T22:09:38+00:00
MZcr14hL8lI,2025-05-03T22:09:07+00:00
b9sCxD_PwDo,2025-05-03T21:22:49+00:00
ekMuWyUEfhU,2025-05-03T21:22:31+00:00
jqrp8NOzN34,2025-05-03T13:14:30+00:00
Njwx1Sa4GeI,2025-05-02T18:31:49+00:00
V2Hndmk18z0,2025-05-02T18:29:57+00:00
aYtL_-_MJ70,2025-05-02T11:43:15+00:00
_41K1aVco1A,2025-05-02T11:42:50+00:00
KKDhSxcDr48,2025-05-02T11:39:01+00:00
k0jtjpCCEDM,2025-05-02T11:37:59+00:00
R7qesrhe0PA,2025-05-02T11:34:52+00:00
sY7cQNx4Hg4,2025-05-02T04:28:25+00:00
dVpu1O1iGWg,2025-05-01T14:50:18+00:00
ebn62SckwvY,2025-04-30T23:56:49+00:00
WGhCzP0BVJw,2025-04-30T22:36:59+00:00
_em1j7pT6fo,2025-04-30T22:35:12+00:00
G47lE8NN3Xs,2025-04-30T22:34:03+00:00
6wgHq9NZru0,2025-04-30T22:30:47+00:00
Cs7DXyo3ry4,2025-04-30T22:28:26+00:00
d93I57RHKc4,2025-04-30T21:49:05+00:00
dUtN0VI4UFs,2025-04-29T18:01:15+00:00
8P-zRYfbmYQ,2025-04-29T17:57:17+00:00
WAV66F-Zbio,2025-04-29T17:56:55+00:00
zGhn2_QECS4,2025-04-29T17:56:29+00:00
pa5JyBkqW-M,2025-04-28T04:46:33+00:00
ZpRjM0SiKXY,2025-04-28T04:42:38+00:00
qM1HJgGSo_I,2025-04-28T03:48:44+00:00
D4jVQDDDhqc,2025-04-28T03:47:38+00:00
ezdP-EFba0c,2025-04-28T03:40:33+00:00
qOHvl_CuK3U,2025-04-28T03:40:09+00:00
nsUTY2N6N0Y,2025-04-28T03:31:55+00:00
ZVze-XZ7sPk,2025-04-28T03:30:42+00:00
b3fY4I5sHfE,2025-04-28T03:30:31+00:00





